no,job name,company name,experience required,skills required,job links
0,"
Python Developer","
IvanInfotechPvt.Ltd.

",2-5,"

rest,python,security,debugging

",https://www.timesjobs.com/job-detail/python-developer-ivan-infotech-pvt-ltd-kolkata-2-to-5-yrs-jobid-1h6sLaqbaBZzpSvf__PLUS__uAgZw==&source=srp
1,"
Python Developer","
eastindiasecuritiesltd.

",2-5,"
python,hadoop,machinelearning

",https://www.timesjobs.com/job-detail/python-engineer-east-india-securities-ltd-kolkata-2-to-5-yrs-jobid-KEkE19WqPbFzpSvf__PLUS__uAgZw==&source=srp
2,"
Python Developer","
brickred(3pillarglobal)

",2-5,"
python,django,webdevelopment

",https://www.timesjobs.com/job-detail/python-engineer-brickred-3pillar-global-2-to-5-yrs-jobid-Usdyr8su2ARzpSvf__PLUS__uAgZw==&source=srp
3,"
Python Developer","
brickred(3pillarglobal)

",2-5,"
python,django,webdevelopment

",https://www.timesjobs.com/job-detail/python-engineer-brickred-3pillar-global-2-to-5-yrs-jobid-uU6M2DpdQexzpSvf__PLUS__uAgZw==&source=srp
4,"
Python Developer","
DREAMAJAXTECHNOLOGIES

",4-7,"
python,django,api,sql,nosql

",https://www.timesjobs.com/job-detail/python-developer-dreamajax-technologies-bengaluru-bangalore-4-to-7-yrs-jobid-EWIVCDzRLKBzpSvf__PLUS__uAgZw==&source=srp
5,"
Python Developer","
xoniertechnologiespvtltd

",2-5,"
python,django,testingtools,debugging,storage

",https://www.timesjobs.com/job-detail/python-developer-xonier-technologies-pvt-ltd-noida-greater-noida-2-to-5-yrs-jobid-VZ3nXzqL2FNzpSvf__PLUS__uAgZw==&source=srp
6,"
Python Developer","
SourcedeskGlobalPrivateLimited

",3-15,"

html5,storage,python,javascript,django,infrastructure

",https://www.timesjobs.com/job-detail/python-developer-sourcedesk-global-private-limited-kolkata-3-to-15-yrs-jobid-A27Uf03p2IJzpSvf__PLUS__uAgZw==&source=srp
7,"
Python Developer","
InnOvatorWebSolutionsPvt.Ltd.

",5-8,"

rest,python,django,webdeveloper,mysql,api

",https://www.timesjobs.com/job-detail/python-developer-innovator-web-solutions-pvt-ltd-mumbai-5-to-8-yrs-jobid-OO__SLASH__Qb2Q7MfpzpSvf__PLUS__uAgZw==&source=srp
8,"
Python Developer","
pearlglobalsolutions

",4-7,"
python,database,django,teamplayer,sql

",https://www.timesjobs.com/job-detail/python-developer-pearl-global-solutions-cochin-kochi-ernakulam-4-to-7-yrs-jobid-dZD__SLASH__NDlCjpVzpSvf__PLUS__uAgZw==&source=srp
9,"
Python Developer","
AxisTechnolabs

",0-1,"
python,django,itskills,html5,api,jquery

",https://www.timesjobs.com/job-detail/python-odoo-axistechnolabs-ahmedabad-0-to-1-yrs-jobid-HzL8naalyxFzpSvf__PLUS__uAgZw==&source=srp
10,"
Python Developer","
CONNECTING2WORK

",5-10,"
python,storage,django,testingtools,debugging

",https://www.timesjobs.com/job-detail/python-developer-connecting-2-work-thiruvananthapuram-5-to-10-yrs-jobid-Tebue__SLASH__8iTzVzpSvf__PLUS__uAgZw==&source=srp
11,"
Python Developer","
innefulabspvt.ltd.

",4-5,"
python,database,django,neo4j,mining,webcrawling

",https://www.timesjobs.com/job-detail/python-developer-innefu-labs-pvt-ltd-delhi-delhi-ncr-4-to-5-yrs-jobid-FxKbGzMsPBFzpSvf__PLUS__uAgZw==&source=srp
12,"
Python Developer","
CANVERATRADERSPRIVATELIMITED

",5-8,"
python,rdbms,javascript,sql,spring,springboot,django,java

",https://www.timesjobs.com/job-detail/python-developer-canvera-traders-private-limited-bengaluru-bangalore-5-to-8-yrs-jobid-eyvQsuRYuMpzpSvf__PLUS__uAgZw==&source=srp
13,"
Python Developer","
3RITechnologiesPvtLtd

",0-3,"

rest,python,database,django,restapi

",https://www.timesjobs.com/job-detail/python-intern-3ri-technologies-pvt-ltd-pune-0-to-3-yrs-jobid-B__SLASH__o9HygUn2VzpSvf__PLUS__uAgZw==&source=srp
14,"
Python Developer","
CybageSoftwarePvtLtd

",4-7,"
python,html5,javascript,nosql,docker,django,softwaredeveloper,mongodb

",https://www.timesjobs.com/job-detail/python-developer-cybage-software-pvt-ltd-gandhinagar-hyderabad-secunderabad-pune-4-to-7-yrs-jobid-GN9SDLPIUuJzpSvf__PLUS__uAgZw==&source=srp
15,"
Python Developer","
arttechnologyandsoftwareindiapvtltd

",2-3,"

rest,python,database,django,api

",https://www.timesjobs.com/job-detail/python-developer-art-technology-and-software-india-pvt-ltd-cochin-kochi-ernakulam-2-to-3-yrs-jobid-M26lxDEd__PLUS__qtzpSvf__PLUS__uAgZw==&source=srp
16,"
Python Developer","
DoodleblueInnovationsPvtLtd

",0-3,"
python,database,django,git,html5,debugging,javascript,jquery

",https://www.timesjobs.com/job-detail/python-developer-doodleblue-innovations-pvt-ltd-chennai-0-to-3-yrs-jobid-ZDWKX8wOZMlzpSvf__PLUS__uAgZw==&source=srp
17,"
Python Developer","
WBCSoftwareLab

",2-5,"
python,git,restapi,linux,mobile,mongodb,docker

",https://www.timesjobs.com/job-detail/python-developer-wbc-software-lab-chennai-2-to-5-yrs-jobid-P78tL4SfAddzpSvf__PLUS__uAgZw==&source=srp
18,"
Python Developer","
AxisTechnolabs

",0-1,"
python,css,userinteraction,bootstrap,openerp,database,xml,oops,html

",https://www.timesjobs.com/job-detail/python-developer-axistechnolabs-ahmedabad-0-to-1-yrs-jobid-UqL7KgAUov1zpSvf__PLUS__uAgZw==&source=srp
19,"
Python Developer","
FluperLimited

",2-7,"

c#,python,virtualreality,mobile,augmentedreality,opencv

",https://www.timesjobs.com/job-detail/python-developer-fluper-limited-noida-greater-noida-2-to-7-yrs-jobid-ETCeznAalQBzpSvf__PLUS__uAgZw==&source=srp
20,"
Python Developer","
pegasusknowledgesolutionsindiapvtltd.

",0-3,"
python,css,django,java,html,bootstrap,api,jquery,sql

",https://www.timesjobs.com/job-detail/python-developer-pegasus-knowledge-solutions-india-pvt-ltd-bengaluru-bangalore-0-to-3-yrs-jobid-XiCKMhU2A29zpSvf__PLUS__uAgZw==&source=srp
21,"
Python Developer","
TechasoftPvtLtd

",0-3,"
python,javascript,docker,django,postgresql,oops,mysql,mongodb,opencv

",https://www.timesjobs.com/job-detail/python-developer-techasoft-pvt-ltd-bengaluru-bangalore-0-to-3-yrs-jobid-Zn8__SLASH__9rCyRjNzpSvf__PLUS__uAgZw==&source=srp
22,"
Python Developer","
gammastackindore

",0-3,"
python,database,django,restapi,oops,machinelearning,artificialintelligence

",https://www.timesjobs.com/job-detail/python-developer-gammastack-indore-indore-0-to-3-yrs-jobid-k5C0GmkyZ8JzpSvf__PLUS__uAgZw==&source=srp
23,"
Python Developer","
NuageBiz.Tech

",2-5,"
python,mobile,teamplayer,svn,security,git,softwareengineering

",https://www.timesjobs.com/job-detail/python-developer-nuagebiz-tech-noida-greater-noida-2-to-5-yrs-jobid-FzYRc8JWI0hzpSvf__PLUS__uAgZw==&source=srp
24,"
Python Developer","
AxisTechnolabs

",1-4,"
python,django,html5,teamplayer,angularjs,javascript

",https://www.timesjobs.com/job-detail/python-developer-axistechnolabs-ahmedabad-1-to-4-yrs-jobid-jBHxIZqZMQxzpSvf__PLUS__uAgZw==&source=srp
